{"action": {"mean": [0.0015983429038897157, -0.00026694012922234833, -0.0036265819799154997, -0.006065772846341133, 0.0005272841081023216, -0.006000952795147896, 0.7148760557174683], "std": [0.004587189294397831, 0.004729579668492079, 0.007280444726347923, 0.03741242736577988, 0.027767714112997055, 0.03835941478610039, 0.4514731764793396], "max": [0.017901897430419922, 0.020764458924531937, 0.03478848189115524, 0.1362127959728241, 0.08596448600292206, 0.10089460015296936, 1.0], "min": [-0.011402636766433716, -0.018690884113311768, -0.01875150203704834, -0.16348031163215637, -0.10873854160308838, -0.24240359663963318, 0.0]}, "proprio": {"mean": [0.27262046933174133, -0.034834060817956924, 0.15511736273765564, -0.012541430070996284, -0.19845028221607208, -0.053627949208021164, 0.9135650992393494], "std": [0.03233832120895386, 0.06080963462591171, 0.0436134859919548, 0.21542923152446747, 0.1310991495847702, 0.3331693410873413, 0.1833774894475937], "max": [0.33539697527885437, 0.12244273722171783, 0.2166844606399536, 0.34395551681518555, 0.09705310314893723, 0.6825294494628906, 1.0067112445831299], "min": [0.20593921840190887, -0.10381792485713959, 0.05995621904730797, -0.7310663461685181, -0.5309646725654602, -0.7983757257461548, 0.15923498570919037]}}
